{
  "rel_errors": [
    [
      4.375171024652449e-6,
      2.1327362983672863e-6,
      7.309310468119094e-7,
      7.777596662968038e-6,
      3.159884591188131e-6,
      5.4480865663069615e-6,
      2.8097446292431272e-6,
      7.307014998225541e-6,
      1.424628948492686e-6,
      2.6427526974541555e-6,
      3.305637962631816e-6,
      1.2073183331126596e-6,
      4.5623525643974355e-6,
      4.009901202880435e-6,
      2.0739237087852904e-6,
      3.0592321667471066e-6,
      1.2944509436246212e-6,
      1.6276471152432422e-7,
      3.466503140253825e-6,
      4.247060123105824e-6
    ],
    [
      1.2627448215872143e-6,
      5.577508492456371e-7,
      2.348147653553246e-7,
      2.149549614844603e-6,
      9.34902711342095e-7,
      9.92662871991686e-7,
      5.751729014606437e-7,
      1.5871070630352915e-6,
      3.5221630743976914e-7,
      1.0064025025679646e-6,
      1.6910117230853007e-6,
      2.3088967178175886e-7,
      2.1346992306124637e-6,
      1.58349020168587e-6,
      1.5770961654790482e-6,
      7.646976099358562e-7,
      4.981161013999397e-7,
      5.302062752072302e-8,
      9.143702716668246e-7,
      2.792479698629313e-6
    ],
    [
      2.839261932147433e-7,
      1.454627209009948e-7,
      2.5209195829897335e-8,
      5.592995572525129e-7,
      9.411580935759548e-8,
      6.177523048810819e-7,
      2.994469807945725e-8,
      2.62533113074506e-7,
      7.684010322175809e-8,
      1.8476425230883553e-7,
      4.191800245663082e-7,
      4.08631766398903e-8,
      6.701427431047883e-7,
      4.1723594610968273e-7,
      2.3046364287629756e-7,
      1.8520716545055124e-7,
      8.568817676969448e-8,
      2.054126445869812e-9,
      2.2345213355787116e-7,
      5.260180848295925e-7
    ],
    [
      2.0305171553422127e-6,
      9.280419576925781e-7,
      2.9440618585876094e-7,
      2.702642114372864e-6,
      1.2639377568982723e-6,
      1.8200298223469164e-6,
      7.353254382538881e-7,
      2.894208398492791e-6,
      5.009479513015684e-7,
      1.6778185606977688e-6,
      2.9462142870340203e-6,
      2.960135123567816e-7,
      2.9107424490560275e-6,
      1.8208223747320718e-6,
      1.6216780220568884e-6,
      1.4363327022612133e-6,
      8.812662276222422e-7,
      6.229065562696796e-8,
      1.5757684988260986e-6,
      3.9993840879567675e-6
    ]
  ],
  "abs_errors": [
    [
      9.7377890709453e-10,
      2.389068264250231e-10,
      8.776806988850263e-11,
      4.294180525053026e-9,
      1.0166551738146843e-9,
      6.410930352460453e-10,
      3.3529293206296173e-10,
      8.36632387151723e-10,
      1.669856977725592e-10,
      8.841618834646011e-10,
      1.438384035015413e-9,
      1.4484259599913052e-10,
      3.772502526526591e-9,
      3.372462530450723e-9,
      2.116250801124077e-9,
      6.501765084818224e-10,
      2.2401859419426334e-10,
      1.5647862294803725e-11,
      6.111581890024143e-10,
      8.561812738300715e-10
    ],
    [
      5.967275143463932e-8,
      2.6047441105945485e-8,
      1.0885004158411765e-8,
      1.0106843479841352e-7,
      4.3031551622790706e-8,
      4.555440101886846e-8,
      2.61068733077123e-8,
      7.10855008317488e-8,
      1.559627295103211e-8,
      4.5629948990030825e-8,
      7.615541971312726e-8,
      1.0120226602650138e-8,
      9.423246977392184e-8,
      6.923005518875521e-8,
      6.818364384839667e-8,
      2.9475474233586997e-8,
      1.886469760527034e-8,
      1.994407442755613e-9,
      3.391738545484674e-8,
      1.0415291313004618e-7
    ],
    [
      1.4838635657555806e-9,
      5.57391609567222e-10,
      2.0972710486933275e-10,
      5.27296433832273e-9,
      1.5633142747310697e-9,
      8.974357322872532e-10,
      5.062139538329451e-10,
      1.1317836128161916e-9,
      2.7327886298892315e-10,
      1.1006303483737599e-9,
      2.614279839425543e-9,
      2.507095444750409e-10,
      6.18804989965594e-9,
      4.915278914327612e-9,
      4.303962386449126e-9,
      8.583655035538599e-10,
      5.246750956421864e-10,
      4.768082572108828e-11,
      1.1405604734650034e-9,
      3.225167585380101e-9
    ],
    [
      6.919634579693405e-8,
      3.13020896266489e-8,
      1.19665468896629e-8,
      1.0260367954338481e-7,
      5.8769176247715737e-8,
      6.223642591734412e-8,
      3.523536162364205e-8,
      1.0904588929119024e-7,
      1.9297099172350422e-8,
      6.669466566346852e-8,
      1.1219687403881514e-7,
      1.2901287438258691e-8,
      1.083800915184731e-7,
      8.799492712154245e-8,
      8.096933464147103e-8,
      6.061976743543538e-8,
      3.739635944829742e-8,
      3.76454107456665e-9,
      6.738834862308123e-8,
      1.821481476859369e-7
    ]
  ]
}