{
  "rel_errors": [
    [
      2.618586610665982e-8,
      7.011133395512208e-8,
      9.077962742287595e-8
    ],
    [
      6.018764399053404e-9,
      1.7236845338898816e-8,
      1.8347097247683935e-8
    ],
    [
      6.455794658062273e-10,
      1.5955387666586667e-9,
      2.893683874611369e-9
    ],
    [
      7.479243692819553e-9,
      1.656248645658407e-8,
      2.2515067729474503e-8
    ]
  ],
  "abs_errors": [
    [
      5.4029423770538775e-12,
      8.285195544505288e-12,
      9.906639098382855e-12
    ],
    [
      2.7052288047418193e-10,
      7.748291839536344e-10,
      8.088021464858685e-10
    ],
    [
      6.156761552777528e-12,
      1.0987375209266085e-11,
      1.4585205191409745e-11
    ],
    [
      3.6711892768750075e-10,
      8.76630794785503e-10,
      1.0747692738474692e-9
    ]
  ]
}