{
  "rel_errors": [
    [
      2.304675197668976e-6,
      2.2876277321116586e-7,
      1.692769115169432e-7,
      3.9086706897565893e-7,
      9.173567098688485e-7,
      6.669602963026161e-7
    ],
    [
      5.060129111616188e-7,
      8.36512371241322e-8,
      5.106358950935523e-8,
      1.1108590060989125e-7,
      2.501441565567467e-7,
      1.6912724488904355e-7
    ],
    [
      1.001500398709679e-7,
      2.4567028314799388e-8,
      8.61207972529178e-9,
      2.589055030663875e-8,
      5.8162819640561e-8,
      5.9255939986711054e-9
    ],
    [
      8.223180261852211e-7,
      1.111150205949621e-7,
      6.307651394141273e-8,
      1.5468922046436977e-7,
      4.5391996251102826e-7,
      2.2818741623104367e-7
    ]
  ],
  "abs_errors": [
    [
      2.7649308874335937e-10,
      7.218788146811827e-11,
      2.0003788745276508e-11,
      8.575601317415082e-11,
      8.524688145955916e-11,
      6.412018956134703e-11
    ],
    [
      2.2834842456716802e-8,
      3.75715702774696e-9,
      2.290152593779555e-9,
      4.8908267241279965e-9,
      9.940703443374957e-9,
      6.6990176108824435e-9
    ],
    [
      6.144546983337902e-10,
      1.3889873783728105e-10,
      5.930545421472476e-11,
      1.6688890346524466e-10,
      3.327784261526284e-10,
      1.375461648491362e-10
    ],
    [
      3.5952634159238535e-8,
      4.96012152028649e-9,
      3.338557570670688e-9,
      7.134484719971716e-9,
      2.0672571566755917e-8,
      1.4030702562278577e-8
    ]
  ]
}