{
  "rel_errors": [
    [
      4.6133711961271426e-7,
      7.703814334704143e-7,
      2.0673548390252164e-7,
      2.2099943527651327e-7,
      2.5433380733488143e-7,
      1.6284394994965343e-6,
      3.400688678938078e-7
    ],
    [
      5.4760521351614486e-8,
      2.450687766870307e-7,
      8.750178757239593e-8,
      4.576229606782147e-8,
      6.022729474734777e-8,
      4.2215728044664476e-7,
      6.299609414080144e-8
    ],
    [
      1.1311927184972746e-8,
      1.0161009159835014e-7,
      7.887776189671498e-9,
      6.934494153973306e-9,
      1.2144805682667821e-8,
      8.567322170236534e-8,
      2.391932585707626e-9
    ],
    [
      8.223516738770835e-8,
      4.676874050145522e-7,
      1.1697643199484686e-7,
      6.414045156030292e-8,
      8.29916212832902e-8,
      9.1674162367646e-7,
      9.084321886751658e-8
    ]
  ],
  "abs_errors": [
    [
      5.116486288085473e-11,
      8.61888389604017e-11,
      6.52185713338174e-11,
      2.6115942076685943e-11,
      6.059605892571774e-11,
      1.671999564041957e-10,
      3.2693520731145805e-11
    ],
    [
      2.563863373732964e-9,
      1.1208634034446974e-8,
      3.9308072316423215e-9,
      2.0475370081440427e-9,
      2.650192143821574e-9,
      1.713137327386778e-8,
      2.4988107684543124e-9
    ],
    [
      7.323999535467658e-11,
      2.5939761699341654e-10,
      9.778046542047885e-11,
      4.7753079240892304e-11,
      7.262340470629574e-11,
      2.8865198790786807e-10,
      5.5522054635458444e-11
    ],
    [
      3.3757839946216375e-9,
      1.826010027721066e-8,
      5.394937711524863e-9,
      3.394870400443849e-9,
      3.9227938971384235e-9,
      4.0129483607786585e-8,
      5.560582952373337e-9
    ]
  ]
}