{
  "app_inv_norm": 0.002926834480302001,
  "diag_ae_mean": 4.0063593322499057e-7,
  "skel_ae": 0.0020582048854904033,
  "tot_num_samples": 657,
  "total_elapsed_time": 7,
  "extraction_time": 0,
  "residual_size": 343,
  "sampling_time": [
    19,
    5,
    7,
    7,
    6,
    7,
    7,
    8,
    9,
    7,
    9,
    5,
    7,
    4,
    5,
    7,
    5,
    8,
    6,
    8,
    5,
    5,
    8,
    9,
    6,
    10,
    10,
    9,
    11,
    9,
    5,
    10,
    6,
    5,
    9,
    8,
    6,
    13,
    10,
    11,
    6,
    8,
    12,
    19,
    11,
    10,
    6,
    9,
    188
  ],
  "nullification_time": [
    11,
    11,
    12,
    12,
    15,
    15,
    17,
    18,
    27,
    29,
    28,
    31,
    30,
    30,
    34,
    33,
    31,
    35,
    35,
    38,
    40,
    38,
    42,
    40,
    38,
    39,
    38,
    41,
    44,
    42,
    48,
    45,
    57,
    58,
    64,
    66,
    70,
    66,
    67,
    71,
    72,
    71,
    100,
    78,
    78,
    82,
    77,
    79,
    82,
    84,
    79,
    84,
    89,
    84,
    113,
    81
  ],
  "id_time": [
    0,
    0,
    0,
    0,
    0,
    0,
    0,
    0,
    0,
    0,
    0,
    0,
    0,
    0,
    0,
    0,
    0,
    0,
    0,
    0,
    0,
    0,
    0,
    0,
    0,
    0,
    0,
    0,
    0,
    0,
    0,
    0,
    0,
    0,
    0,
    0,
    0,
    0,
    0,
    0,
    0,
    0,
    0,
    0,
    0,
    0,
    0,
    0,
    0,
    0,
    0,
    0,
    0,
    0,
    0,
    0
  ],
  "lu_time": [
    13,
    17,
    17,
    19,
    30,
    31,
    32,
    33,
    32,
    32,
    37,
    34,
    34,
    38,
    36,
    41,
    42,
    41,
    41,
    42,
    41,
    42,
    41,
    47,
    58,
    45,
    58,
    49,
    62,
    62,
    71,
    71,
    70,
    74,
    78,
    76,
    180,
    89,
    80,
    88,
    84,
    83,
    95,
    85,
    87,
    115,
    86,
    87,
    91,
    89,
    87
  ],
  "update_id_time": [
    0,
    0,
    0,
    0,
    0,
    0,
    0,
    0,
    0,
    0,
    0,
    0,
    0,
    0,
    0,
    0,
    0,
    0,
    0,
    0,
    0,
    0,
    0,
    0,
    0,
    0,
    0,
    0,
    0,
    0,
    0,
    0,
    0,
    0,
    0,
    0,
    0,
    0,
    0,
    0,
    0,
    0,
    0,
    0,
    0,
    0,
    0,
    0,
    0,
    0,
    0
  ],
  "update_lu_time": [
    0,
    0,
    0,
    0,
    1,
    1,
    1,
    1,
    0,
    0,
    1,
    1,
    1,
    1,
    1,
    1,
    1,
    1,
    2,
    1,
    1,
    1,
    1,
    1,
    1,
    1,
    1,
    1,
    1,
    2,
    2,
    1,
    2,
    1,
    1,
    2,
    10,
    2,
    2,
    2,
    2,
    2,
    3,
    2,
    4,
    29,
    2,
    2,
    3,
    2,
    2
  ]
}