{
  "app_inv_norm": 2.68936549653649e-7,
  "diag_ae_mean": 1.1067930772886982e-10,
  "skel_ae": 2.7149180828035075e-7,
  "tot_num_samples": 991,
  "total_elapsed_time": 5,
  "extraction_time": 1813,
  "residual_size": 9,
  "sampling_time": [
    19,
    4,
    6,
    7,
    6,
    6,
    6,
    6,
    7,
    7,
    7,
    3,
    6,
    4,
    4,
    6,
    4,
    7,
    4,
    7,
    4,
    4,
    7,
    7,
    4,
    8,
    9,
    8,
    11,
    7,
    4,
    6,
    5,
    5,
    8,
    9,
    4,
    7,
    8,
    8,
    5,
    5,
    4,
    7,
    8,
    8,
    4,
    7,
    132
  ],
  "nullification_time": [
    11,
    11,
    12,
    12,
    15,
    15,
    18,
    19,
    27,
    29,
    29,
    28,
    31,
    30,
    33,
    33,
    32,
    33,
    34,
    38,
    38,
    38,
    42,
    38,
    39,
    38,
    38,
    41,
    43,
    44,
    49,
    46,
    58,
    57,
    63,
    67,
    71,
    70,
    65,
    72,
    72,
    73,
    74,
    74,
    75,
    77,
    77,
    76,
    79,
    78,
    78,
    81,
    82,
    82,
    110,
    86
  ],
  "id_time": [
    0,
    0,
    0,
    0,
    0,
    0,
    0,
    0,
    0,
    0,
    0,
    0,
    0,
    0,
    0,
    0,
    0,
    0,
    0,
    0,
    0,
    0,
    0,
    0,
    0,
    0,
    0,
    0,
    0,
    0,
    0,
    0,
    0,
    0,
    0,
    0,
    0,
    0,
    0,
    0,
    0,
    0,
    0,
    0,
    0,
    0,
    0,
    0,
    0,
    0,
    0,
    0,
    0,
    0,
    0,
    0
  ],
  "lu_time": [
    59,
    45,
    59,
    53,
    82,
    83
  ],
  "update_id_time": [
    0,
    0,
    0,
    0,
    0,
    0
  ],
  "update_lu_time": [
    1,
    1,
    1,
    1,
    1,
    2
  ]
}