{
  "app_inv_norm": 1.3436790776851483e-7,
  "diag_ae_mean": 7.995933081485502e-11,
  "skel_ae": 1.3373758468525125e-7,
  "tot_num_samples": 990,
  "total_elapsed_time": 5,
  "extraction_time": 1,
  "residual_size": 10,
  "sampling_time": [
    19,
    6,
    7,
    9,
    9,
    8,
    7,
    7,
    9,
    9,
    8,
    4,
    6,
    4,
    4,
    10,
    6,
    10,
    6,
    9,
    5,
    4,
    7,
    9,
    5,
    6,
    8,
    8,
    9,
    7,
    5,
    9,
    5,
    5,
    10,
    7,
    5,
    8,
    8,
    10,
    5,
    5,
    5,
    7,
    8,
    7,
    4,
    8,
    141
  ],
  "nullification_time": [
    11,
    11,
    13,
    15,
    17,
    15,
    18,
    19,
    28,
    30,
    29,
    29,
    31,
    29,
    35,
    33,
    33,
    38,
    38,
    41,
    46,
    42,
    41,
    39,
    39,
    39,
    39,
    42,
    43,
    42,
    49,
    46,
    57,
    57,
    64,
    69,
    72,
    72,
    77,
    71,
    74,
    78,
    73,
    73,
    76,
    81,
    78,
    77,
    79,
    81,
    79,
    82,
    84,
    83,
    111,
    86
  ],
  "id_time": [
    0,
    0,
    0,
    0,
    0,
    0,
    0,
    0,
    0,
    0,
    0,
    0,
    0,
    0,
    0,
    0,
    0,
    0,
    0,
    0,
    0,
    0,
    0,
    0,
    0,
    0,
    0,
    0,
    0,
    0,
    0,
    0,
    0,
    0,
    0,
    0,
    0,
    0,
    0,
    0,
    0,
    0,
    0,
    0,
    0,
    0,
    0,
    0,
    0,
    0,
    0,
    0,
    0,
    0,
    0,
    0
  ],
  "lu_time": [
    38,
    41,
    44,
    59,
    51,
    85,
    83
  ],
  "update_id_time": [
    0,
    0,
    0,
    0,
    0,
    0,
    0
  ],
  "update_lu_time": [
    1,
    1,
    1,
    1,
    1,
    4,
    2
  ]
}