{
  "app_inv_norm": 0.000019510460564173006,
  "diag_ae_mean": 4.788685740869612e-9,
  "skel_ae": 0.00001806878727559271,
  "tot_num_samples": 919,
  "total_elapsed_time": 6,
  "extraction_time": 1422,
  "residual_size": 81,
  "sampling_time": [
    20,
    5,
    8,
    8,
    6,
    6,
    6,
    6,
    8,
    6,
    8,
    4,
    7,
    4,
    4,
    7,
    5,
    8,
    4,
    8,
    5,
    5,
    9,
    9,
    5,
    8,
    8,
    9,
    14,
    7,
    5,
    8,
    4,
    5,
    8,
    8,
    5,
    8,
    8,
    7,
    7,
    6,
    5,
    9,
    9,
    8,
    5,
    8,
    259
  ],
  "nullification_time": [
    10,
    11,
    13,
    13,
    14,
    16,
    19,
    20,
    29,
    29,
    30,
    30,
    31,
    32,
    34,
    35,
    33,
    37,
    36,
    39,
    43,
    40,
    43,
    42,
    40,
    41,
    39,
    44,
    45,
    43,
    49,
    48,
    60,
    60,
    66,
    68,
    72,
    68,
    69,
    74,
    73,
    74,
    71,
    74,
    76,
    170,
    89,
    79,
    81,
    78,
    78,
    82,
    82,
    81,
    111,
    85
  ],
  "id_time": [
    0,
    0,
    0,
    0,
    0,
    0,
    0,
    0,
    0,
    0,
    0,
    0,
    0,
    0,
    0,
    0,
    0,
    0,
    0,
    0,
    0,
    0,
    0,
    0,
    0,
    0,
    0,
    0,
    0,
    0,
    0,
    0,
    0,
    0,
    0,
    0,
    0,
    0,
    0,
    0,
    0,
    0,
    0,
    0,
    0,
    0,
    0,
    0,
    0,
    0,
    0,
    0,
    0,
    0,
    0,
    0
  ],
  "lu_time": [
    34,
    33,
    34,
    34,
    36,
    35,
    34,
    41,
    36,
    41,
    44,
    42,
    42,
    44,
    43,
    43,
    44,
    58,
    44,
    58,
    52,
    72,
    77,
    81,
    77,
    141,
    86,
    84,
    84,
    88,
    89
  ],
  "update_id_time": [
    0,
    0,
    0,
    0,
    0,
    0,
    0,
    0,
    0,
    0,
    0,
    0,
    0,
    0,
    0,
    0,
    0,
    0,
    0,
    0,
    0,
    0,
    0,
    0,
    0,
    1,
    0,
    0,
    0,
    0,
    0
  ],
  "update_lu_time": [
    1,
    1,
    1,
    1,
    1,
    1,
    1,
    1,
    1,
    1,
    1,
    1,
    1,
    1,
    1,
    1,
    2,
    1,
    1,
    1,
    1,
    2,
    2,
    1,
    1,
    2,
    2,
    2,
    2,
    2,
    2
  ]
}