{
  "app_inv_norm": 0.022516241276198175,
  "diag_ae_mean": 0.000034604523885889615,
  "skel_ae": 0.01037904782363574,
  "tot_num_samples": 362,
  "total_elapsed_time": 6,
  "extraction_time": 107,
  "residual_size": 638,
  "sampling_time": [
    23,
    6,
    7,
    8,
    7,
    9,
    8,
    9,
    13,
    8,
    8,
    5,
    8,
    6,
    5,
    10,
    5,
    8,
    5,
    8,
    5,
    7,
    8,
    9,
    5,
    9,
    9,
    10,
    12,
    9,
    5,
    10,
    5,
    5,
    9,
    9,
    5,
    9,
    9,
    9,
    6,
    6,
    6,
    10,
    10,
    11,
    7,
    10,
    44
  ],
  "nullification_time": [
    16,
    11,
    12,
    12,
    15,
    16,
    17,
    19,
    28,
    29,
    27,
    29,
    31,
    31,
    32,
    32,
    34,
    35,
    34,
    36,
    38,
    36,
    41,
    38,
    37,
    38,
    37,
    40,
    42,
    41,
    46,
    44,
    56,
    55,
    64,
    65,
    68,
    65,
    66,
    70,
    70,
    71,
    70,
    71,
    73,
    74,
    75,
    74,
    75,
    77,
    75,
    79,
    79,
    80,
    107,
    84
  ],
  "id_time": [
    0,
    0,
    0,
    0,
    0,
    0,
    0,
    0,
    0,
    0,
    0,
    0,
    0,
    0,
    0,
    0,
    0,
    0,
    0,
    0,
    0,
    0,
    0,
    0,
    0,
    0,
    0,
    0,
    0,
    0,
    0,
    0,
    0,
    0,
    0,
    0,
    0,
    0,
    0,
    0,
    0,
    0,
    0,
    0,
    0,
    0,
    0,
    0,
    0,
    0,
    0,
    0,
    0,
    0,
    0,
    0
  ],
  "lu_time": [
    12,
    12,
    14,
    13,
    16,
    16,
    19,
    21,
    30,
    31,
    29,
    32,
    34,
    30,
    37,
    34,
    34,
    37,
    35,
    38,
    42,
    38,
    40,
    41,
    40,
    41,
    39,
    45,
    55,
    42,
    57,
    51,
    60,
    59,
    64,
    70,
    70,
    68,
    73,
    73,
    74,
    75,
    77,
    75,
    77,
    77,
    78,
    78,
    77,
    81,
    89,
    80,
    81,
    85,
    87,
    87
  ],
  "update_id_time": [
    0,
    0,
    0,
    0,
    0,
    0,
    0,
    0,
    0,
    0,
    0,
    0,
    0,
    0,
    0,
    0,
    0,
    0,
    0,
    0,
    0,
    0,
    0,
    0,
    0,
    0,
    0,
    0,
    0,
    0,
    0,
    0,
    0,
    0,
    0,
    0,
    0,
    0,
    0,
    0,
    0,
    0,
    0,
    0,
    0,
    0,
    0,
    0,
    0,
    0,
    0,
    0,
    0,
    0,
    0,
    0
  ],
  "update_lu_time": [
    1,
    0,
    0,
    0,
    0,
    0,
    0,
    0,
    1,
    1,
    1,
    1,
    1,
    1,
    1,
    1,
    1,
    1,
    1,
    1,
    1,
    1,
    1,
    1,
    1,
    1,
    1,
    1,
    1,
    1,
    1,
    1,
    1,
    1,
    2,
    2,
    2,
    2,
    1,
    2,
    2,
    2,
    2,
    2,
    2,
    2,
    2,
    2,
    2,
    2,
    2,
    2,
    2,
    2,
    2,
    2
  ]
}