{
  "app_inv_norm": 0.015230290360751002,
  "diag_ae_mean": 0.00003428429161708061,
  "skel_ae": 0.007290174847696106,
  "tot_num_samples": 366,
  "total_elapsed_time": 6,
  "extraction_time": 0,
  "residual_size": 634,
  "sampling_time": [
    20,
    5,
    11,
    11,
    7,
    6,
    7,
    7,
    11,
    8,
    8,
    4,
    8,
    4,
    4,
    8,
    5,
    8,
    4,
    8,
    7,
    6,
    8,
    9,
    7,
    9,
    9,
    10,
    21,
    9,
    6,
    12,
    6,
    6,
    10,
    10,
    6,
    10,
    10,
    11,
    6,
    5,
    7,
    10,
    11,
    10,
    6,
    10,
    41
  ],
  "nullification_time": [
    10,
    11,
    13,
    13,
    15,
    15,
    17,
    18,
    27,
    27,
    28,
    28,
    32,
    28,
    32,
    31,
    30,
    35,
    32,
    36,
    37,
    36,
    41,
    41,
    37,
    38,
    38,
    41,
    46,
    40,
    46,
    44,
    61,
    56,
    63,
    67,
    68,
    68,
    64,
    70,
    71,
    72,
    72,
    71,
    78,
    78,
    81,
    77,
    75,
    78,
    76,
    78,
    80,
    81,
    107,
    83
  ],
  "id_time": [
    0,
    0,
    0,
    0,
    0,
    0,
    0,
    0,
    0,
    0,
    0,
    0,
    0,
    0,
    0,
    0,
    0,
    0,
    0,
    0,
    0,
    0,
    0,
    0,
    0,
    0,
    0,
    0,
    0,
    0,
    0,
    0,
    0,
    0,
    0,
    0,
    0,
    0,
    0,
    0,
    0,
    0,
    0,
    0,
    0,
    0,
    0,
    0,
    0,
    0,
    0,
    0,
    0,
    0,
    0,
    0
  ],
  "lu_time": [
    12,
    12,
    14,
    13,
    16,
    16,
    18,
    19,
    31,
    30,
    30,
    30,
    32,
    30,
    36,
    33,
    32,
    37,
    35,
    39,
    39,
    39,
    44,
    43,
    39,
    40,
    39,
    47,
    57,
    42,
    57,
    49,
    64,
    60,
    65,
    72,
    71,
    76,
    68,
    75,
    74,
    79,
    77,
    77,
    85,
    81,
    86,
    78,
    79,
    85,
    80,
    83,
    81,
    85,
    89,
    92
  ],
  "update_id_time": [
    0,
    0,
    0,
    0,
    0,
    0,
    0,
    0,
    0,
    0,
    0,
    0,
    0,
    0,
    0,
    0,
    0,
    0,
    0,
    0,
    0,
    0,
    0,
    0,
    0,
    0,
    0,
    0,
    0,
    0,
    0,
    0,
    0,
    0,
    0,
    0,
    0,
    0,
    0,
    0,
    0,
    0,
    0,
    0,
    0,
    0,
    0,
    0,
    0,
    0,
    0,
    0,
    0,
    0,
    0,
    0
  ],
  "update_lu_time": [
    0,
    0,
    0,
    0,
    0,
    0,
    0,
    0,
    1,
    1,
    1,
    1,
    1,
    1,
    1,
    1,
    1,
    1,
    1,
    1,
    1,
    1,
    1,
    1,
    1,
    1,
    1,
    2,
    1,
    1,
    1,
    1,
    1,
    1,
    1,
    2,
    2,
    2,
    2,
    2,
    2,
    2,
    2,
    2,
    2,
    2,
    2,
    2,
    2,
    2,
    2,
    2,
    2,
    2,
    2,
    2
  ]
}