{
  "app_inv_norm": 0.000010747737112390677,
  "diag_ae_mean": 5.930811166440111e-9,
  "skel_ae": 0.000010117971035408186,
  "tot_num_samples": 912,
  "total_elapsed_time": 7,
  "extraction_time": 1,
  "residual_size": 88,
  "sampling_time": [
    19,
    4,
    9,
    9,
    6,
    7,
    6,
    7,
    9,
    7,
    8,
    4,
    9,
    5,
    6,
    8,
    5,
    8,
    5,
    8,
    5,
    5,
    8,
    9,
    5,
    7,
    8,
    9,
    12,
    7,
    5,
    9,
    5,
    5,
    9,
    9,
    5,
    8,
    9,
    8,
    5,
    6,
    6,
    9,
    11,
    10,
    7,
    11,
    328
  ],
  "nullification_time": [
    10,
    11,
    12,
    12,
    15,
    15,
    18,
    19,
    28,
    32,
    28,
    29,
    29,
    43,
    34,
    33,
    35,
    36,
    36,
    42,
    39,
    40,
    42,
    41,
    40,
    40,
    39,
    42,
    44,
    41,
    48,
    46,
    55,
    57,
    63,
    66,
    70,
    64,
    67,
    72,
    74,
    73,
    72,
    75,
    75,
    76,
    83,
    78,
    79,
    81,
    77,
    82,
    87,
    96,
    128,
    163
  ],
  "id_time": [
    0,
    0,
    0,
    0,
    0,
    0,
    0,
    0,
    0,
    0,
    0,
    0,
    0,
    0,
    0,
    0,
    0,
    0,
    0,
    0,
    0,
    0,
    0,
    0,
    0,
    0,
    0,
    0,
    0,
    0,
    0,
    0,
    0,
    0,
    0,
    0,
    0,
    0,
    0,
    0,
    0,
    0,
    0,
    0,
    0,
    0,
    0,
    0,
    0,
    0,
    0,
    0,
    0,
    0,
    0,
    0
  ],
  "lu_time": [
    16,
    19,
    31,
    30,
    31,
    31,
    42,
    39,
    36,
    34,
    40,
    38,
    44,
    42,
    44,
    42,
    43,
    42,
    49,
    57,
    43,
    59,
    49,
    70,
    79,
    77,
    78,
    84,
    85,
    86,
    105,
    99,
    114
  ],
  "update_id_time": [
    0,
    0,
    0,
    0,
    0,
    0,
    0,
    0,
    0,
    0,
    0,
    0,
    0,
    0,
    0,
    0,
    0,
    1,
    0,
    0,
    0,
    0,
    0,
    0,
    0,
    0,
    0,
    0,
    0,
    0,
    0,
    0,
    0
  ],
  "update_lu_time": [
    1,
    1,
    1,
    1,
    1,
    1,
    1,
    1,
    1,
    1,
    1,
    1,
    1,
    1,
    1,
    1,
    1,
    1,
    1,
    1,
    1,
    1,
    1,
    3,
    1,
    2,
    2,
    2,
    2,
    2,
    3,
    3,
    3
  ]
}