{
  "app_inv_norm": 0.0003420738178063517,
  "diag_ae_mean": 3.76903783406191e-7,
  "skel_ae": 0.00024293106335500686,
  "tot_num_samples": 664,
  "total_elapsed_time": 6,
  "extraction_time": 567,
  "residual_size": 336,
  "sampling_time": [
    18,
    5,
    7,
    6,
    6,
    7,
    7,
    6,
    10,
    8,
    9,
    5,
    7,
    4,
    4,
    7,
    5,
    8,
    5,
    8,
    5,
    5,
    8,
    9,
    5,
    8,
    9,
    9,
    10,
    8,
    5,
    8,
    5,
    5,
    10,
    9,
    6,
    10,
    9,
    9,
    6,
    6,
    6,
    9,
    10,
    10,
    6,
    10,
    193
  ],
  "nullification_time": [
    11,
    11,
    12,
    12,
    15,
    15,
    17,
    19,
    28,
    30,
    28,
    30,
    28,
    30,
    34,
    33,
    32,
    35,
    35,
    41,
    39,
    38,
    43,
    38,
    40,
    38,
    38,
    42,
    44,
    42,
    47,
    46,
    54,
    58,
    61,
    66,
    70,
    66,
    68,
    73,
    74,
    74,
    72,
    72,
    76,
    78,
    77,
    76,
    77,
    79,
    77,
    78,
    80,
    82,
    110,
    85
  ],
  "id_time": [
    0,
    0,
    0,
    0,
    0,
    0,
    0,
    0,
    0,
    0,
    0,
    0,
    0,
    0,
    0,
    0,
    0,
    0,
    0,
    0,
    0,
    0,
    0,
    0,
    0,
    0,
    0,
    0,
    0,
    0,
    0,
    0,
    0,
    0,
    0,
    0,
    0,
    0,
    0,
    0,
    0,
    0,
    0,
    0,
    0,
    0,
    0,
    0,
    0,
    0,
    0,
    0,
    0,
    0,
    0,
    0
  ],
  "lu_time": [
    13,
    17,
    16,
    19,
    31,
    32,
    30,
    31,
    30,
    33,
    37,
    34,
    34,
    38,
    37,
    40,
    41,
    40,
    41,
    42,
    42,
    42,
    41,
    47,
    56,
    43,
    58,
    49,
    60,
    61,
    71,
    71,
    71,
    78,
    77,
    77,
    77,
    81,
    79,
    80,
    81,
    82,
    81,
    82,
    84,
    80,
    79,
    86,
    88,
    91,
    91
  ],
  "update_id_time": [
    0,
    0,
    0,
    0,
    0,
    0,
    0,
    0,
    0,
    0,
    0,
    0,
    0,
    0,
    0,
    0,
    0,
    0,
    0,
    0,
    0,
    0,
    0,
    0,
    0,
    0,
    0,
    0,
    0,
    0,
    0,
    0,
    0,
    0,
    0,
    0,
    0,
    0,
    0,
    0,
    0,
    0,
    0,
    0,
    0,
    0,
    0,
    0,
    0,
    0,
    0
  ],
  "update_lu_time": [
    0,
    0,
    0,
    0,
    1,
    1,
    1,
    1,
    0,
    1,
    1,
    1,
    1,
    1,
    1,
    1,
    1,
    1,
    1,
    1,
    1,
    1,
    1,
    1,
    1,
    1,
    1,
    1,
    1,
    1,
    1,
    1,
    2,
    2,
    2,
    2,
    2,
    2,
    2,
    2,
    2,
    2,
    2,
    2,
    2,
    2,
    2,
    2,
    2,
    2,
    3
  ]
}